SalesRepID,FirstName,LastName,HireDate,Region
SR01,Arun,Kapoor,2020-03-15,North
SR02,divya, malhotra,2019-07-01,West
SR03, Sanjay, Mehta,2021-01-10,South
SR04, Preeti,Choudhury,2020-11-05,East
SR05,Anjali,Menon,2019-12-03,Northwest
SR06, Vikrant,Singhania,2019-09-20,Central
SR07,Nisha, iyer,2021-04-30,Southwest
SR08, Rahul, Saxena,2020-06-12,Northeast
SR09, Arjun,Reddy ,2021-02-18,Southeast
SR10,Kavita,Sharma,2020-08-22,North Central
SR11, arun, Kapoor,2020-03-16,North
SR12,Divya ,malhotra,2019-07-02,West
SR13,sanjay,Mehta,2021-01-11,South
SR14, Preeti, Choudhury,2020-11-06,East
SR15,anjali,menon,2019-12-04,Northwest
SR16, Vikrant,Singhania,2019-09-21,Central
SR17,Nisha ,Iyer,2021-04-31,Southwest
SR18,Rahul, Saxena,2020-06-13,Northeast
SR19, Arjun,Reddy,2021-02-19,Southeast
SR20, kavita,Sharma,2020-08-23,North Central
SR21,Arun, Kapoor,2020-03-17,North
SR22, Divya,Malhotra,2019-07-03,West
SR23, sanjay, Mehta,2021-01-12,South
SR24,Preeti, Choudhury,2020-11-07,East
SR25,Anjali,Menon,2019-12-05,Northwest
SR26,vikrant,singhania,2019-09-22,Central
SR27, Nisha, Iyer,2021-04-32,Southwest
SR28, Rahul,Saxena,2020-06-14,Northeast
SR29,Arjun, Reddy,2021-02-20,Southeast
SR30, Kavita, Sharma,2020-08-24,North Central
SR31,Arun,Kapoor,2020-03-18,North
SR32,Divya, Malhotra,2019-07-04,West
SR33, sanjay,Mehta,2021-01-13,South
SR34,Preeti, Choudhury,2020-11-08,East
SR35, Anjali,menon,2019-12-06,Northwest
SR36,Vikrant,Singhania,2019-09-23,Central
SR37,Nisha,Iyer,2021-04-33,Southwest
SR38, Rahul, saxena,2020-06-15,Northeast
SR39,Arjun, Reddy,2021-02-21,Southeast
SR40, Kavita,Sharma,2020-08-25,North Central
SR41, Arun,Kapoor ,2020-03-19,North
SR42,divya,malhotra,2019-07-05,West
SR43,Sanjay, Mehta,2021-01-14,South
SR44,Preeti, Choudhury,2020-11-09,East
SR45,anjali,menon,2019-12-07,Northwest
SR46, Vikrant,Singhania,2019-09-24,Central
SR47,Nisha, Iyer,2021-04-34,Southwest
SR48, Rahul,Saxena,2020-06-16,Northeast
SR49,Arjun, Reddy,2021-02-22,Southeast
SR50, Kavita, Sharma,2020-08-26,North Central
